{"area_name_to_location": {"squaw-valley-usa": [36.705929499999996, -119.20015587604176], "mammoth-mountain-ski-area": [37.648526450000006, -118.99785385], "donner-ski-ranch": [39.3188801, -120.331067], "sugar-bowl-resort": [39.29826505, -120.33431973158311], "kirkwood": [38.690863, -120.0545120325384], "boreal": [39.3361428, -120.3501644], "sierra-at-tahoe": [38.796097200000006, -120.07689608313895], "mt-rose-ski-tahoe": [39.3192528, -119.88369431351546], "soda-springs": [39.0240651, -123.315841], "wolf-creek-ski-area": [37.464731549999996, -106.78650043456884], "49-degrees-north": [48.2774085, -117.6970736], "bear-valley": [37.5688237, -120.1193489], "alta-ski-area": [40.5882366, -111.6384012], "mt-hood-meadows": [45.337555699999996, -121.67011579549923], "snowbird": [40.5810571, -111.6567989], "northstar-california": [33.6558828, -117.6696316], "mt-baker": [48.7767986, -121.814467], "alpental": [47.4409386, -121.4327985100062], "tahoe-donner": [39.3519001, -120.2305019], "snowbasin": [41.216317, -111.8574281], "brighton-resort": [40.59832585, -111.58376734896149], "alyeska-resort": [60.96188655, -149.08086962834642], "brundage-mountain-resort": [45.0047924, -116.155358], "dodge-ridge": [38.1658792, -119.9810317], "mt-bachelor": [43.9792818, -121.6883658], "solitude-mountain-resort": [40.6231058, -111.5976305], "mount-ashland": [42.080899, -122.716903], "heavenly-mountain-resort": [38.94045175, -119.89742148883298], "timberline-lodge": [45.33110095, -121.71102922967381], "june-mountain": [37.739932, -119.0701438], "mount-shasta-board-ski-park": [41.3214093, -122.2034396], "willamette-pass": [43.6012917, -122.0364532], "deer-valley-resort": [40.6374025, -111.4782514], "silverton-mountain": [37.875194300000004, -107.65794683032624], "park-city-mountain-resort": [40.6513513, -111.5076908], "diamond-peak": [37.3180272, -114.1730351], "appalachian-ski-mtn": [36.1744091, -81.6623721], "grand-targhee-resort": [43.7881585, -110.9577654], "jackson-hole": [43.684017, -110.44366292631179], "lookout-pass-ski-area": [47.4560784, -115.6976604], "powder-mountain": [41.3804156, -111.7854157], "aspen-snowmass": [39.2029552, -106.9649584], "copper-mountain-resort": [39.4994186, -106.1563297], "steamboat": [40.4848003, -106.8317359], "pebble-creek-ski-area": [42.7784547, -112.1589958], "arizona-snowbowl": [35.3299854, -111.7053083], "telluride": [37.9374939, -107.8122852], "welch-village": [44.5683003, -92.7385321], "taos-ski-valley": [36.596, -105.4545], "monarch-mountain": [38.51387845, -106.33887383955012], "sundance": [40.593025, -111.8181226], "durango-mountain-resort": [40.528745, -105.094391], "breckenridge": [39.4829124, -106.0465486], "winter-park-resort": [39.8888045, -105.7648045], "crystal-mountain-wa": [46.9281666, -121.504535], "white-pass": [48.0332093, -121.1485456], "big-sky-resort": [45.2839783, -111.4011158], "ski-cooper": [39.35637995, -106.28779991741067], "powderhorn": [38.2769386, -107.0958841], "schweitzer": [48.309168, -116.5542223], "crested-butte-mountain-resort": [38.8993512, -106.9656184], "stevens-pass-resort": [47.7441877, -121.0893978], "the-summit-at-snoqualmie": [47.40594955, -121.41292642457299], "blackjack-ski-resort": [46.50153865, -90.00151344469138], "brian-head-resort": [37.6924884, -112.8473029], "indianhead-mountain": [46.5022165, -89.97383235691086], "hoodoo-ski-area": [44.4087125, -121.8719759], "bluewood": [46.0796968, -117.85105213017427], "beaver-mountain": [41.9640972, -111.5579911], "bogus-basin": [43.7704458, -116.1042836], "lost-trail-powder-mtn": [45.6914083, -113.9524507], "wild-mountain-ski-snowboard-area": [45.488799, -92.70527134111414], "whitefish-mountain-resort": [48.4841864, -114.35583], "blacktail-mountain-ski-area": [48.0150942, -114.3697277], "arapahoe-basin-ski-area": [39.6418691, -105.8720505], "ski-santa-fe": [35.6508615, -105.9521928], "vail": [39.6440207, -106.3801669], "anthony-lakes-mountain-resort": [44.961370450000004, -118.23949012261116], "loveland": [40.3977612, -105.0749801], "sun-valley": [43.696215, -114.353097], "beaver-creek": [40.6763461, -106.4874638], "bolton-valley": [44.3728323, -72.8806764], "montana-snowbowl": [47.013960850000004, -113.99914977734821], "trollhaugen": [45.3510211, -92.6183169], "bridger-bowl": [45.8176784, -110.8981935], "keystone": [39.596564, -105.93403423480868], "granite-peak-ski-area": [44.92561625, -89.68568652241939], "silver-mountain": [43.9646225, -115.3170377], "discovery-ski-area": [46.2491942, -113.2385489], "snow-valley": [35.6716636, -120.73463793679093], "sunlight-mountain-resort": [39.39029225, -107.33819571189292], "las-vegas-ski-and-snowboard-resort": [36.3034244, -115.6801519], "mt-hood-ski-bowl": [45.3023314, -121.7743356302244], "ski-china-peak": [37.2366493, -119.1564083], "red-lodge-mountain": [45.1907531, -109.3368732], "cannon-mountain": [44.1566923, -71.6986205], "lutsen-mountains": [47.6636044, -90.7143059], "mountain-creek-resort": [41.1902849, -74.5049738], "snowy-range-ski-recreation-area": [41.33861455, -106.17954882838252], "wachusett-mountain-ski-area": [42.5031727, -71.88688569797614], "boyne-mountain-resort": [45.1628172, -84.9330543], "ski-brule": [46.0284509, -88.70555281624347], "great-divide": [46.9976879, -109.2046111637606], "giants-ridge-resort": [47.5783847, -92.3045478], "jay-peak": [44.9242294, -72.5256931], "mission-ridge": [29.5892179, -98.50822], "camelback-mountain-resort": [41.04915605, -75.35043407335353], "black-mountain": [44.0484005, -71.6053572], "eldora-mountain-resort": [39.9372517, -105.5839741], "showdown-ski-area": [46.8382725, -110.7003846], "song-mountain": [42.7711578, -76.16267527435173], "stowe-mountain-resort": [44.529735900000006, -72.79363041290591], "big-boulder": [41.0447159, -75.6007648], "buck-hill": [44.7240775, -93.2838944], "crystal-mountain": [44.5196702, -85.992445], "killington-resort": [43.6270901, -72.7960511], "shanty-creek": [44.9319573, -85.1985521], "smugglers-notch-resort": [44.5883962, -72.7901064], "wildcat-mountain": [44.2589548, -71.2014625], "sipapu-ski-and-summer-resort": [36.154218, -105.5480968], "bretton-woods": [44.2576311, -71.4413006], "nubs-nob-ski-area": [45.471488, -84.9053257], "bear-mountain": [36.746893, -119.2806755], "hogadon": [42.746604899999994, -106.34072780775415], "jiminy-peak": [42.5442494, -73.2862172], "loon-mountain": [43.5964671, -71.1661787], "snow-summit": [34.2205638, -116.8925308], "sugarloaf": [44.2359126, -68.8030848], "holimont-ski-area": [42.2726907, -78.6888956], "burke-mountain": [44.5705299, -71.8928143], "shawnee-peak": [44.0586561, -70.8157076], "sunday-river": [44.4627415, -70.8196141], "pajarito-mountain-ski-area": [35.894713, -106.3910934], "catamount-ski-ride-area": [42.16910895, -73.47692918481732], "holiday-valley": [42.2570341, -78.67771836997241], "berkshire-east": [42.507397, -73.038778], "bristol-mountain": [42.8020189, -77.42371890501474], "holiday-mountain": [41.62995395, -74.61420930985314], "pico-mountain-at-killington": [43.6613186, -72.842859], "sugarbush": [44.1414343, -72.8925777], "okemo-mountain-resort": [43.402299, -72.7172557], "gore-mountain": [43.672954, -74.0488526], "mount-snow": [42.9589685, -72.9237112], "titus-mountain": [42.8308941, -78.1166782], "bromley-mountain": [43.2277429, -72.9395699], "mountain-high": [33.3631413, -116.8363401], "mount-la-crosse": [43.7436621, -91.1829652], "ragged-mountain-resort": [43.4844569, -71.8420782], "willard-mountain": [43.020077, -73.5231704], "cannonsburg": [43.0539677, -85.470028], "waterville-valley": [43.950316, -71.49971], "whiteface-mountain-resort": [44.353860749999996, -73.86103035], "woods-valley-ski-area": [43.3015241, -75.3829906], "cranmore-mountain-resort": [44.0572168, -71.10003416885755], "belleayre": [42.1287084, -74.5187223], "gunstock": [43.5256332, -71.3784045], "hunter-mountain": [42.1778662, -74.2304216], "mad-river-glen": [44.2023069, -72.9183818], "plattekill-mountain": [42.2667522, -74.6482102], "stratton-mountain": [43.0864665, -72.925934],